{
  "Version": 1,
  "WorkspaceRootPath": "C:\\Users\\Admin\\Desktop\\",
  "Documents": [],
  "DocumentGroupContainers": [
    {
      "Orientation": 0,
      "VerticalTabListWidth": 256,
      "DocumentGroups": [
        {
          "DockedWidth": 200,
          "SelectedChildIndex": -1,
          "Children": [
            {
              "$type": "Bookmark",
              "Name": "ST:128:0:{75188d03-9892-4ae2-abf1-207126247ce5}"
            },
            {
              "$type": "Bookmark",
              "Name": "ST:130:0:{1fc202d4-d401-403c-9834-5b218574bb67}"
            },
            {
              "$type": "Bookmark",
              "Name": "ST:129:0:{116d2292-e37d-41cd-a077-ebacac4c8cc4}"
            },
            {
              "$type": "Bookmark",
              "Name": "ST:0:0:{269a02dc-6af8-11d3-bdc4-00c04f688e50}"
            },
            {
              "$type": "Bookmark",
              "Name": "ST:0:0:{aa2115a1-9712-457b-9047-dbb71ca2cdd2}"
            }
          ]
        }
      ]
    }
  ]
}